Sales Code,Description,USD,Ngultrum
P005-S,"Large Phurba pendant, Three faces, 82mm, silver, with chain 70cm 17.5 grams", $ 356.16 ,"26,000"
P005-YG14,"Phurba Pendant, Size 82mm, just pendant: 14k Solid Gold 19.9g"," $ 3,000.00 ","219,000"
P005-YG18,"Phurba Pendant, Size 82mm, just pendant: 18k solid gold, 25.6g:"," $ 3,972.60 ","290,000"
P005-YG18-DIA1,"Phurba Pendant, Size 82mm, just pendant 18k Solid Gold, 18 diamonds (.31cts) 22.59g"," $ 7,547.95 ","551,000"
P005-YG18-DIA2,"Phurba Pendant, Size 82mm, just pendant 18k full diamond set 25.28g (1.86cts)"," $ 10,712.33 ","782,000"
P016- YG14,"Om Syllable Pendant 14k gold, .343 cts white diamonds, pendant only, 1.56g", $ 835.62 ,"61,000"
P018-RGP,"Sanskrit HRI syllable in a semi circle. Silver, rose gold plated. With chain.", $ 95.89 ,"7,000"
P019-S,"Infinity knot pendant Silver, with chain", $ 82.19 ,6000
P019-YG14,"Infinity knot pendant 14k Solid yellow gold, pendant only - 3.75g", $ 643.84 ,"47,000"
P051-YG14,"Endless Knot Pendant, Small, Yellow Gold 14k With Chain, 3.94g", $ 671.23 ,"49,000"
P051-WG18,"Endless Knot Pendant, Small, White Gold 18k, With Chain 50cm, 5.07g"," $ 1,095.89 ","80,000"
P034-YG14-DIA,Endless Knot Diamond Pendant 14k Yellow Gold 2.15.g .26cts Diamonds, $ 972.60 ,"71,000"
P034-WG14-DIA,Endless Knot Diamond Pendant 14k White Gold 2.15.g .26cts Diamonds," $ 1,000.00 ","73,000"
P034-RG14-DIA,Endless Knot Diamond Pendant 14k Rose Gold 2.15.g .26cts Diamonds," $ 1,000.00 ","73,000"
P069-S,"Three Dimensional Endless knot pendant studded with CZ diamonds, with chain", $ 390.41 ,"28,500"
P020-S,"New HUNG syllable pendant, silver, white rhodium, 44mm, with chain", $ 82.19 ,6000
P020-YG14,"New hung syllable pendant solid gold, size 44mm, pendant only 14k Yellow Gold - 3.82g", $ 602.74 ,"44,000"
P021-YG18,"New HUNG syllable pendant, solid gold, size 35mm, pendant only: 18k yellow gold 2.70g", $ 506.85 ,"37,000"
P021-YG14-CH,"New HUNG syllable pendant, solid 14k yellow gold, size 35mm, With 45cm Chain, 4.44g", $ 753.42 ,"55,000"
P021-WG14,"New HUNG syllable pendant, solid 14k white gold, size 35mm, With 45cm Chain, 4.48g", $ 712.33 ,"52,000"
P021-PT,"New HUNG syllable pendant, solid Platinum, size 35mm, Pendant only, 3.89"," $ 1,164.38 ","85,000"
P057-WG14-DIA,"Hung Syllable Pendant Diamond 0.41 CTS, Small WG14 With Chain"," $ 1,438.36 ","105,000"
P056-WG18-BS,"New Hung Syllable Pendant, Natural Blue Sapphires, 43mm, with chain 18k White Gold - 5.35g"," $ 1,643.84 ","120,000"
P040-YG18,"Hung Syllable Pendant XXL Solid 18k Yellow Gold 7.63g 50mm, 1.191cts"," $ 2,726.03 ","199,000"
P024-S,"Large Silver Vajra Pendant, with chain, Hung syllable engraved", $ 493.15 ,"36,000"
P025-YG18-3C,"Large 18K Solid Gold Vajra Pendant, Natural Red Rubies, white diamonds, blue sapphires, 21.6g"," $ 4,246.58 ","310,000"
P026-S,Large Bell pendant Silver with chain, $ 246.58 ,"18,000"
P026-YG18,"18K Yellow Gold Gold 8.31g, Diamond: .025cts, pendant only"," $ 1,986.30 ","145,000"
P028-YG14,Bell pendant Small Size pendant only 14k Yellow Gold 3.18g, $ 698.63 ,"51,000"
P029-YG18,"Vajra Pendant, Small Size. pendant only 18 karat yellow gold, 3.36g:", $ 767.12 ,"56,000"
P027-S,"Vajra Pendant, Medium Size. Silver, with chain 62-45cm", $ 205.48 ,"15,000"
P027-YG14,"Vajra Pendant, Medium Size. pendant only 14k yellow gold 5.77g"," $ 1,123.29 ","82,000"
P027-YG18,"Vajra Pendant, Medium Size. 18k gold, 7.00"," $ 1,575.34 ","115,000"
P027-YG18-DIA,"Vajra Pendant, Medium .076cts white Diamonds 18k Yellow Gold 7.94g"," $ 1,479.45 ","108,000"
P030-S,"Melong Pendant, Silver, CZ, With Chain", $ 198.63 ,"14,500"
P030-YG18,"Melong (Mirror), 12 white diamonds, .06cts 18K Yellow Gold 9.8g"," $ 1,780.82 ","130,000"
P031F-YG14-DIA,"Single Auspicious Victory Banner, (or any other of the 8 signs), 14Karat white & yellow gold 2.62g Diamonds 0.11 CTS. Pendant Only", $ 712.33 ,"52,000"
P031F,"Single Auspicious Pendant, Endless Knot, Gold Plated, With chain", $ 102.74 ,"7,500"
P031A-S,"Single Auspicious Pendant, Parasol, Gold Plated, With chain", $ 102.74 ,"7,500"
P031B-S,"Single Auspicious Pendant, Pair Of Golden Fish, Gold Plated, With chain", $ 102.74 ,"7,500"
P031C-S,"Single Auspicious Pendant, Vase, Gold Plated, With chain", $ 102.74 ,"7,500"
P031D-S,"Single Auspicious Pendant, Lotus, Gold Plated, With chain", $ 102.74 ,"7,500"
P031E-S,"Single Auspicious Pendant, Right Turning Conch, Gold Plated, With chain", $ 102.74 ,"7,500"
P031G-S,"Single Auspicious Pendant, Victory Banner, Gold Plated, With chain", $ 102.74 ,"7,500"
P031H-S,"Single Auspicious Pendant, Dharma Wheel, Gold Plated, With chain", $ 102.74 ,"7,500"
P032-14K-MOP,"Laughing Skull Pendant, Gold, Mother Of Pearl 3.2g, .128cts", $ 767.12 ,"56,000"
P033-TT14-MOP,"Clover shaped vajra pendant, white gold, yellow gold, diamonds 3.43g, .153cts", $ 821.92 ,"60,000"
P035-S,Silver Tam Syllable Pendant With Chain TASHI MANNOX DESIGN, $ 82.19 ,"6,000"
P035-YG14,"Solid 14K Gold Tam syllable pendant, Pendant only 4.32 grams", $ 739.73 ,"54,000"
P012-YG14,"Tam syllable pendant small size, 24.5mm, Yellow 14k gold, 1.21g", $ 239.73 ,"17,500"
P041-CZ-S,"Tam Syllable Pendant, Silver, CZ Diamonds, With Chain", $ 205.48 ,"15,000"
P042-WG14-DIA,"Tam syllable Pendant White Gold 14k, Diamonds, .262 CTS. With Chain, 1.2g", $ 671.23 ,"49,000"
P042-YG14-DIA,"Tam Syllable Pendant YG14, Diamonds, .25cts, Pendant only, 1.18g", $ 643.84 ,"47,000"
P038-S,New Tashi Mannox OM AH HUNG/ Vajra Dogtag pendant, $ 191.78 ,"14,000"
P044-YGP,"Tsipatta/ Hung Syllable Gau, openable, Silver, Gold Plated, With Chain 21.68g", $ 547.95 ,"40,000"
P045-YGP,"Tara Mantra Pendant Green Agate Tashi Mannox Design silver, gold plated. 34.19g", $ 630.14 ,"46,000"
P055-S,"Double Dorje Pendant, Silver, CZ Diamond, With Chain", $ 109.59 ,"8,000"
P055-YG14,"Double Dorje Pendant, Yellow 14K Gold, 2.72g, central diamond .029cts, pendant only", $ 479.45 ,"35,000"
P047B-YG14,"Phurba Pendant medium, 14k yellow & white gold, 4.98g, Pendant only", $ 849.32 ,"62,000"
P049-S,"Phurba Pendant Small, Silver, With chain 45cm 4.04g", $ 82.19 ,"6,000"
P049-YG14,"Phurba Pendant Small, Yellow Gold 14k , 2.42g: Pendant only", $ 424.66 ,"31,000"
P050-S,"Drigug Pendant Small, Silver, With chain 45cm 4.02g", $ 82.19 ,"6,000"
P050-YG14,"Drigug Pendant Small, Yellow Gold 14k, 2.44g Pendant only", $ 424.66 ,"31,000"
P065-S,"Om syllable pendant, no frame, Tashi Mannox Design, Silver, with chain", $ 82.19 ,"6,000"
P065-YG18,"Om Syllable Pendant, NEW, Yellow Gold 18k, Pendant Only 4.3g", $ 767.12 ,"56,000"
P037-S,New Ah syllable Pendant Tashi Mannox Design Silver with chain, $ 68.49 ,"5,000"
P037-YG14,New Ah syllable Pendant Tashi Mannox Design 3.40 grams Solid 14k Gold, $ 582.19 ,"42,500"
P058-S-B,Hung Syllable Pendant Silver Blue Enamel with chain, $ 116.44 ,"8,500"
P059-S-G,"Tam Syllable Pendant, Silver, Green Enamel, with chain", $ 95.89 ,"7,000"
P060-YGP-R,"Bam Syllable Pendant, Yellow Gold Plated, Red Enamel with chain", $ 109.59 ,8000
P052-S,"Bam Syllable Pendant, Silver, with chain 2.59g", $ 82.19 ,"6,000"
P052-YG14,"Bam Syllable Pendant, Yellow Gold 14k, 3.23g", $ 561.64 ,"41,000"
P061-S,"Hri Syllable Pendant Silver, Larger, With Chain", $ 95.89 ,"7,000"
P072-S,"Silver Buddha Shakyamuni Medallion Pendant, Rhodinated, With Chain, 42-45-55 cm", $ 109.59 ,"8,000"
P072-YGP,"Yellow Gold Plated Buddha Shakyamuni Medallion Pendant, With Chain, 42-45-55 cm", $ 205.48 ,"15,000"
P064-YGP-CZ,"Double Vajra Medallion, Gold Plated, CZ, With Chain 55cm", $ 219.18 ,"16,000"
P067-S,"Ratna Pendant Purple Quartz, Silver, CZ Diamonds, with chain", $ 130.14 ,"9,500"
P068-YG14-TQ,"Turquoise Oval Pendant,Yellow Gold 14k, Diamonds 0.216 CTS. 1.88g", $ 739.73 ,"54,000"
P070-YG14-TQ,"Bumpa Turquoise Pendant with a diamond .008cts, 3.76g", $ 726.03 ,"53,000"
P066-YG14-SRB,"Longevity Vase Bumpa Pendant, Yellow Gold 14k: 13.72g, Red Rubies, Openable"," $ 2,356.16 ","172,000"
P071-YG18-BSDIA,"18K Longevity Vase, Larger, with Large sapphires and diamonds .14 CTS. 45.95g"," $ 8,835.62 ","645,000"
P073-YG14-TQ-DIA,Intricate Diamond Turquoise Pendant 2.64 CTS./ Diamonds .188 CTS.," $ 1,260.27 ","92,000"
E006-S,"Infinity Knot Hanging Earrings, Silver", $ 82.19 ,"6,000"
E006-YGP,"Infinity Knot Hanging Earrings, Gold Plated 4.07g", $ 102.74 ,"7,500"
E006-YG18,"Infinity Knot Hanging Earrings, 18k Yellow Gold 6.95g"," $ 1,328.77 ","97,000"
E006B-S,"Endless Knot Earrings Large, Silver 6.2g", $ 95.89 ,"7,000"
E006B-YGP,"Endless Knot Earrings Large, YGP 6.23g", $ 109.59 ,"8,000"
E027-S,"Endless Knot Stud Earrings, Silver, omega clip", $ 82.19 ,"6,000"
E027-YGP,"Endless Knot Stud Earrings, Yellow Gold Plated, omega clip", $ 102.74 ,"7,500"
E039-YGP-CZ,"Long Hanging Endless Knot Earrings, Yellow Gold Plated, CZ", $ 164.38 ,"12,000"
E039-YG18-DIA,"Long Hanging Endless Knot Earrings, Yellow Gold 18k, 7.56g 0.64cts Diamonds"," $ 1,479.45 ","108,000"
E032-S-CZ,"Endless Knot Earrings Silver, CZ", $ 150.68 ,"11,000"
E021-YG18,Hanging Endless Knot Earrings 18k Yellow Gold 1.3cts diamonds 13.34g," $ 3,595.89 ","262,500"
E013-YG14,"Endless Band Earrings, Solid Gold 14k, 19mm 6.74g"," $ 1,150.68 ","84,000"
E030-YG14,"Endless Knot Earrings, Larger GOLD 14K, 23mm, 9.05g"," $ 1,547.95 ","113,000"
E026-S,"Malaya Logo Earrings, Silver, CZ", $ 61.64 ,"4,500"
E026-YGP,"Malaya Logo Earrings, Yellow Gold Plated, CZ Diamonds", $ 68.49 ,5000
E026-YG14,"Malaya Logo Earrings, Yellow 14k Gold, diamond 2.36g .025 CTS.", $ 356.16 ,"26,000"
E026-YG18,"Malaya Logo Earrings, Yellow 18k Gold, diamond 2.74g .025 CTS.", $ 547.95 ,"40,000"
E008-DIA-YG14,"Double Dorje Stud Earrings, 14k gold, 4.33g: 29 White Diamonds, .197cts"," $ 1,136.99 ","83,000"
E008-YG14-RR,"Double Dorje Stud Earrings, 14k Yellow Gold, 29 red rubies .2cts"," $ 1,136.99 ","83,000"
E008-YG14-BS,"Double Dorje Stud Earrings, 29 Blue Sapphires, .2cts 14k Yellow Gold 4.3g"," $ 1,136.99 ","83,000"
E008/GE/YG14,"Double Dorje Stud Earrings, 29 Green Emeralds, .2cts 14k Yellow Gold 4.33g"," $ 1,136.99 ","83,000"
E010A-YG14,"White Enamel OM syllable stud earrings 14K yellow gold, 1.95g", $ 287.67 ,"21,000"
E010-B-YG14,"Blue Enamel HUNG syllable stud earrings 14K yellow gold, 1.88g", $ 287.67 ,"21,000"
E010-C-YG14,"Green Enamel TAM syllable stud earrings 14K yellow gold, 1.83g", $ 287.67 ,"21,000"
E010D-YG14,"Red Enamel BAM syllable stud earrings 14K yellow gold, 1.93g", $ 287.67 ,"21,000"
E035-S-CZ,"Om syllable earrings, Silver, CZ", $ 164.38 ,"12,000"
E035-YGP-CZ,"Om syllable earrings, Vermeil Gold, CZ", $ 178.08 ,"13,000"
E005-YGP-CZ,"AH Syllable Earrings, Yellow Gold plated, CZ Diamonds", $ 136.99 ,"10,000"
E009-YG14,"AH Syllable Stud Earrings 14K Yellow Gold, 1.42g", $ 246.58 ,"18,000"
E009-S,AH Syllable Stud Earrings silver 1.16g, $ 34.25 ,2500
E007-YG14,"Double Dorje Stud Earrings, Single Diamond, .01cts 14k Yellow Gold 2.36g", $ 410.96 ,"30,000"
E011AA-YG18,"Vajra Earrings , 2 diamonds .026cts 18 Yellow Gold 6.84g"," $ 1,958.90 ","143,000"
E011AB-YG18,"Vajra and Bell Earrings, 3 diamonds, .039cts 18 Yellow Gold 7.25g"," $ 2,082.19 ","152,000"
E012-YGP,"Large Melong earrings, silver, gold plated, CZ Diamonds 14.6", $ 178.08 ,"13,000"
E025-S,"Tam Earrings, Small, Silver", $ 82.19 ,"6,000"
E025-YGP,"Tam Earrings, Small, Yellow Gold Plated", $ 95.89 ,"7,000"
E025-YG18,"Tam Earrings, Small, Yellow 18k Gold, 3.92g"," $ 1,123.29 ","82,000"
E014-YG14,"Tam Syllable earrings Solid 14k Gold, 7.79g 2 diamonds (.025cts)"," $ 1,931.51 ","141,000"
E014-YG18,"Tam Syllable earrings 18k gold, 9.39g"," $ 2,856.16 ","208,500"
E033-S-GREEN,"Tam Syllable Earrings, Silver, Green Enamel", $ 82.19 ,"6,000"
E037-S-CZ,"Tam Earrings, Silver, CZ", $ 178.08 ,"13,000"
E034-S-BLUE,"Hung Syllable Earrings, Silver, Blue Enamel", $ 82.19 ,"6,000"
E015-S,Hung Syllable Earrings Silver, $ 82.19 ,6000
E015-YGP,Hung Syllable Earrings Gold Plated 3.35g, $ 95.89 ,"7,000"
E015-YG14,"Hung Syllable Earrings Solid 14k Gold, 4.19g:", $ 712.33 ,"52,000"
E018-S-BCZ,Five pronged vajra earrings silver black diamonds 6g, $ 397.26 ,"29,000"
E018BB-S-BD,Five Pronged Bell EarringsSilver Black CZ 6.25g, $ 410.96 ,"30,000"
E028-S,"Phurba Earrings Smaller, Silver, clip 39mm", $ 123.29 ,"9,000"
E028-YG18,"Phurba Earrings Larger, GOLD 18K, 14.05g 47mm"," $ 2,684.93 ","196,000"
E036-S,"Drigug, Curved Knife Earrings, Silver", $ 123.29 ,9000
E038-S-CZ,"Double Dorje Earrings, Silver, CZ, 3.13g", $ 82.19 ,6000
E038-YGP-CZ,"Double Dorje Earrings, Yellow Gold Plated CZ, 3.03g", $ 95.89 ,7000
E040-YG14-DIA,"Double Dorje Earrings, Clover, Diamonds 0.37 CTS. Gold 14k: 6.85g, Total: 8.34g"," $ 1,767.12 ","129,000"
E042-S-ENAMEL,"Blue Poppy, Earrings Sterling Silver, Hand Applied Enamel, 6.26g", $ 376.71 ,"27,500"
E016-14K-TQ,"Bumpa Earrings, Turquoise, 14K Gold, clasp 7.15g, Diamonds .038cts 8.28g"," $ 1,424.66 ","104,000"
E017-YG14-TQ,"Turquoise 14K Gold Earrings, Gold 9.1 Diamonds .21cts Total Weight  13.72g"," $ 2,219.18 ","162,000"
E029-YG14-TQ,"Turquoise Earrings. Diamonds: 0.45 CTS. 14k gold: 4.61g, total weight: 5.86g turquoise: 6.27cts"," $ 1,424.66 ","104,000"
E023-YG14-TQ,"14K Blue Sapphire & Turquoise, Double Dorje, Endless Knot Earrings. Total weight 10.07g, Gold weight 6.44g"," $ 1,575.34 ","115,000"
E045-YG18-COR,"Life Force Coral Gold Earrings with Diamonds 1.01 CTS. YG18: 16.71g, Total: 19.48g"," $ 4,602.74 ","336,000"
E052-YG14-AMB,"Amber bead Earrings, lotus Cap, Bumpa (vase) clasp, vajra Yellow Gold 14k"," $ 1,506.85 ","110,000"
E054-YG14-TQ,Intricate Turquoise and Diamond Earrings 3.23 cts. Diamonds .292 cts.," $ 2,438.36 ","178,000"
E056-YG18-BS-DIA,"Bumpa, Longevity Vase Earrings 18k Yellow Gold 12.74g with Sapphires .285cts, & .Diamonds .254cts."," $ 3,369.86 ","246,000"
B002-S,"One Laughing Skull Silver Macrame Bracelet, 2.65g", $ 95.89 ,"7,000"
B002-YG18,"One Laughing Skull Yellow Gold 18k, Black Diamonds, Macrame Bracelet, 6.99g"," $ 1,328.77 ","97,000"
B003-S,"Five Laughing Skulls Silver Macrame Bracelet, black diamonds, adjustable", $ 287.67 ,"21,000"
B003-YG18,"Five Laughing Skulls, Macrame Bracelet 15 black diamonds .10cts 18k solid gold 22.22g"," $ 4,246.58 ","310,000"
B004-S,"Small single bead, double dorje macrame bracelet, silver, CZ", $ 95.89 ,"7,000"
B004-YGP,"Small Double Dorje Single Bead Macrame Bracelet, Silver Gold Plated", $ 109.59 ,"8,000"
B005-S,"Small five bead, double dorje macrame bracelet, silver", $ 410.96 ,"30,000"
B005-YGP,"Small five bead, double dorje macrame bracelet, silver gold plated ", $ 438.36 ,"32,000"
B007-YGP,"Eight Auspicious Symbols Bracelet, Silver, Gold plating 14.5g", $ 397.26 ,"29,000"
B008-S,"Silver, Oxidized Vajra Clasp Black Leather Bracelet", $ 150.68 ,"11,000"
B009-S-TAN-OX,"Silver, Oxidized Vajra Clasp Tan Leather Bracelet", $ 150.68 ,"11,000"
B009-S-TAN,"Silver, Polished Vajra Clasp Tan Leather Bracelet", $ 150.68 ,"11,000"
B009-S-BLU,"Silver, Polished Vajra Clasp, Blue Leather Bracelet", $ 150.68 ,"11,000"
B009-S-PNK,"Silver, Polished Vajra Clasp, Pink Leather Bracelet", $ 150.68 ,"11,000"
B009-S-WHITE,"Silver, Polished Vajra Clasp, White Leather Bracelet", $ 150.68 ,"11,000"
B009-YG14,14k Yellow Gold Black Leather Vajra Clasp Bracelet 14k 31.6g," $ 3,561.64 ","260,000"
B009-RG14,Rose 14k Gold leather bracelet 14k rose gold 22.36g," $ 2,602.74 ","190,000"
B008B-TT-SNOW,"Silver Oxidized Vajra Clasp Bracelet what 18k solid gold vajra, sting-ray leather, SNOW color", $ 589.04 ,"43,000"
B008B-TT-BLK,"Silver Oxidized Vajra Clasp Bracelet what 18k solid gold vajra, sting-ray leather, Noir color", $ 630.14 ,"46,000"
B008B-S-BLK,"Silver Polished Vajra Clasp Bracelet, sting-ray leather, Noir color", $ 246.58 ,"18,000"
B008B-S-SNOW,"Silver Polished Vajra Clasp Bracelet, sting-ray leather, Natural color", $ 246.58 ,"18,000"
B009-S-CHAIN,Silver Polished Chain Vajra Clasp Bracelet, $ 342.47 ,"25,000"
B010-S,Endless Knot Bracelet Silver 3.73g, $ 143.84 ,"10,500"
B010-YG18,"Endless Knot New Bracelet, YG18, 19cm, 4.64g", $ 876.71 ,"64,000"
B010-YG18-DIA,"Endless Knot New Bracelet, YG18 .20cts diamonds, 5.12g"," $ 1,082.19 ","79,000"
B013-S,"Vajra Chain Bracelet, Silver, Medium, Flat 3 Prongs, 19cm", $ 116.44 ,"8,500"
B013-YGP,"Vajra Chain Bracelet, Yellow Gold 14K, Medium, Flat 3 Prongs, 19cm, 6.64g (Gold plated)", $ 136.99 ,"10,000"
B015A-S,"Continuous Vajras Chain Bracelet, Silver, 19cm (Female Size)", $ 164.38 ,"12,000"
B015B-S,"Continuous Vajras Chain Bracelet, Silver, 23cm (male size)", $ 219.18 ,"16,000"
B014-S-PQ,"Purple Milk Quartz Cabochon Bracelet, 5.39cts, CZ 0.23", $ 191.78 ,"14,000"
B016-S,"Endless Knot Chain Adjustable Bracelet, Silver 4.71g", $ 68.49 ,"5,000"
BA001-S,Infinity edges bangle Silver 4.62g, $ 123.29 ,"9,000"
BA001-YG14,"Infinity Edges Bangle, Solid 14k yellow gold 5.5g", $ 821.92 ,"60,000"
BA002-S,Infinity in middle stainless bangle Silver, $ 109.59 ,"8,000"
BA002-YGP,"Infinity in middle stainless bangle , Yellow Gold Plated", $ 123.29 ,"9,000"
BA002-YG14,"Infinity in middle stainless bangle , Solid 14k Yellow gold, 5.2g", $ 671.23 ,"49,000"
BA003-S,"Solid “Dobchu” Vajra bangle silver 37.5g, clasp", $ 301.37 ,"22,000"
BA004-S,"Endless Knot bangle, Silver, smaller 13.89g", $ 301.37 ,"22,000"
B004-YG18,Eternal Knot 18k yellow gold bangle Mid Size 21.28g," $ 4,054.79 ","296,000"
BA005-S,"Vajra Bangle Silver, CZ 18.59g, regular size", $ 410.96 ,"30,000"
BA005-YGP,"Vajra Bangle Gold Plated, CZ 19.14g", $ 438.36 ,"32,000"
BA007-S,"Flexible Double skull bangle black diamonds, Sterling Silver", $ 260.27 ,"19,000"
R045-YG18,"Brushed/polished band ring, Yellow 18k Gold, 4.14g (female size)"," $ 1,027.40 ","75,000"
R001-S,"Wrathful Protector Ring, Sterling Silver, Oxidized, 23g", $ 547.95 ,"40,000"
R001-DIA,"Silver Mahakala ring with 32 white and black diamonds 0.34cts, 23g"," $ 1,041.10 ","76,000"
R005-S-YG14,"Rahu Ring Ring, Silver, 14K Yellow Gold Ring (2.8g) with white topaz + Black Diamonds", $ 424.66 ,"31,000"
R033-S-BDS,"Kirtimukha (Tsipatta) Ring Silver 20g Black diamonds, yellow sapphire .08cts", $ 246.58 ,"18,000"
R014-S,"Laughing Skull Ring, Silver Black Diamonds 6g", $ 123.29 ,"9,000"
R014-YG14,"Laughing Skull Ring, Black Diamonds, .036 cts 14k Gold 7.50g"," $ 1,315.07 ","96,000"
R046-S-ON,"Dharmachakra, “The Dharma Wheel” Octagonal ring, Silver, Black Onyx", $ 438.36 ,"32,000"
R046-S-ON-DIA,"Dharmachakra, “The Dharma Wheel” Octagonal ring, Silver, Black Onyx & black Diamonds", $ 493.15 ,"36,000"
R017D-S,"Double Dorje Ring, silver, brushed finished surface, sanded insert, polished edges", $ 143.84 ,"10,500"
R017A-S,"Vajra and bell Ring, silver, black enamel, brushed finished surface, sanded insert, polished edges", $ 150.68 ,"11,000"
R017A-S-T,"Vajra and bell Ring, silver, Tiffany blue enamel, brushed finished surface, sanded insert, polished edges", $ 150.68 ,"11,000"
R017B-YG14,"Dorje Bell Samaya Ring, male size 14K Yellow Gold, brushed finished surface, sanded insert, polished edges Central Diamond .025 CTS. 10.49 grams"," $ 1,780.82 ","130,000"
R017B-YG18,"Dorje Bell Samaya Ring, male size 18K Yellow Gold, brushed finished surface, sanded insert, polished edges Central Diamond .025 CTS. 12.5 grams"," $ 2,397.26 ","175,000"
R039-S-CZ,"Samaya Ring, Dorje & Bell, JUMBO CZ Silver", $ 178.08 ,"13,000"
R039-YG18,"Samaya Ring Jumbo, Size 65, Yellow 18K Gold: 18.08g, Diamond: .015cts"," $ 3,493.15 ","255,000"
R019-YG18,"Infinity Knot Eternal Band, 18k Gold 4.8g, female size (51-55)", $ 917.81 ,"67,000"
R019-YG18-DIA,"Infinity Knot Eternal Band, 18k Gold, diamonds .05cts, 5.64 female size (51-55)"," $ 1,150.68 ","84,000"
R019A-WG18,"Ring eternity infinity auspicious 18k White Gold, male size (59-60), 6g"," $ 1,150.68 ","84,000"
R020-YG18,"Infinity Knot Eternal Band, Thinner, With Background, 18k Yellow Gold 4.7g female size (51-55)"," $ 1,000.00 ","73,000"
R034-YG18,"Infinity Knot Eternal Band, Thinner, With Background, 18k Yellow Gold Size 59 and above (male) 6.25g"," $ 1,191.78 ","87,000"
R020B-YG18,"Large endless knot ring, THICKER, 18k yellow gold, Size 53 (female), 5.34g"," $ 1,013.70 ","74,000"
R030-18KY,"Large endless knot ring, THICKER, 18k yellow gold, Size 59 (male) 5.72g"," $ 1,095.89 ","80,000"
R021-YG14,"Infinity Knot Ring, 14k Gold 4.9g", $ 931.51 ,"68,000"
R021-WG14-DIA,"Infinity Knot Ring, 14k White Gold, Diamonds 5.1g .71cts"," $ 1,643.84 ","120,000"
R021-YG18-DIA,"Endless Knot Ring 18k Yellow Gold, Diamonds 5.79g, .71cts"," $ 2,150.68 ","157,000"
R032-YG18-CO,"Endless Knot Ring Thicker, Seamless 18K Yellow Gold 11.37 Male size (size 61)"," $ 2,178.08 ","159,000"
R022-YG14-RR,Red Ruby Jewels Ring Ruby - 5.5cts 0.494cts diamonds 14k yellow gold 4.37g," $ 2,136.99 ","156,000"
R023-YG14-RR,Red Ruby Vajras Ring Ruby - 3.34cts 0.598cts Diamonds 14k yellow gold 3.59g," $ 2,041.10 ","149,000"
R023-YG14-CIT,Citrine “Sunshine” Diamond 14K Vajra Ring Citrine - 3.34cts 0.598cts Diamonds 14k yellow gold 3.59g," $ 2,041.10 ","149,000"
R025A-YG18,"A pair of Dorje and Bell Wedding Bands, Sanded Finish, Simple Design 4 diamonds... 18k Yellow Gold: approx 17g"," $ 3,287.67 ","240,000"
R025C-YG18,"A pair of Dorje and Bell Wedding Bands, Brushed Finish, Protruding Design, 14 diamonds... 18k Yellow Gold: approx 19g"," $ 3,356.16 ","245,000"
R029-S,"Malaya Dream Ring, CZ Diamonds Sterling Rhodinated Silver", $ 200.00 ,"14,600"
R029-YG18,"Malaya Dream Ring, .255cts Diamonds 18k gold 9.77g"," $ 1,917.81 ","140,000"
R026-WG14-AQ,"Aquamarine Ring, .28cts White Diamonds, 14k White Gold 5.29g"," $ 2,383.56 ","174,000"
4022A.6G,Oval Malaya Aquamarine Ring 14K White Gold gold 2.54g, $ 575.34 ,"42,000"
R041-YG14-TQ,"Oval Cabochon Turquoise Malaya Ring with Diamonds 0.22 CTS. total: 3.57g, 14k: 2.94g Turquoise: 3.15cts"," $ 1,013.70 ","74,000"
R042-YG18-TQ-DIA,“Ratna” Turquoise Ring 5.53cts With Diamonds .043cts. Yellow 18k Gold 5.01g," $ 1,013.70 ","74,000"
R044-YG18-TQ,"Oval Turquoise Diamond Ring, Endless knot design in gallery, 3.25 CTS. Turquoise. Diamonds 0.28 CTS. 3.86g"," $ 1,301.37 ","95,000"
R047-YG18,"Gold bands sizes 50-61, vajra & bell engravings, yellow 18k gold Small sizes", $ 328.77 ,"24,000"
R047-WG18,"Gold bands sizes 50-54, bell engravings, white 18k gold Small sizes", $ 342.47 ,"25,000"
R048-YG14-TQ-DIA-BT,"Intricate Ring, Turquoise, 14k Gold, Diamonds, Blue Topaz Turquoise 2.60 CTS. Blue Topaz .22 CTS. Diamonds .17 CTS. 6.16g"," $ 1,424.66 ","104,000"
N002-S,"Tara Mantra Necklace, Silver, White Rhodium, chain CH060, 50cm", $ 273.97 ,"20,000"
N002-S-CZ,"Tara Mantra Necklace, Silver, White Rhodium, chain CH060, CZ Diamonds 50cm", $ 328.77 ,"24,000"
N002-YGP,"Tara Mantra Necklace, Silver, Gold Plated, chain CH060, 50cm, chain CH040", $ 356.16 ,"26,000"
N002-YGP-CZ,"Tara Mantra Necklace, Silver Gold Plated, White CZ Diamonds", $ 383.56 ,"28,000"
N003-YGP,"Eight Auspicious Signs Necklace, Silver, Vermeil Gold", $ 397.26 ,"29,000"
N004-S,"Silver Vajra necklace, large, 48cm", $ 273.97 ,"20,000"
N004-YG18-DIA,"Vajra Necklace Yellow Gold 18k, Diamonds 0.24 cts with Chain ength 45-50 cm + 20.9 grams"," $ 4,041.10 ","295,000"
N005-S,"Silver Vajra necklace, Medium 3 Dimensional design - 5 Prongs, Black Diamonds .118 CTS.", $ 260.27 ,"19,000"
N005B-YG14,"Mid Vajra Necklace, 3 Dimensional design - 5 Prongs, 14K Yellow Gold 8.46g .115cts diamonds"," $ 1,753.42 ","128,000"
N015-S,"Vajra Necklace Small 5 prongs, Silver, chain 45cm", $ 109.59 ,"8,000"
N017-S,"Vajra Necklace, Medium, Silver, 3 Dimensional design - 5 Prongs, Chain 45cm", $ 123.29 ,"9,000"
N016-YG18,"Vajra Necklace Medium Flat Design - 3 Prongs, Yellow 18k Gold 10.46g"," $ 2,000.00 ","146,000"
N006-AMB-B,"14K Gold Amber Necklace, With Vajras, 55cm Chain 13.4g/ 12.6g"," $ 1,109.59 ","81,000"
N007B-YGP,"Vajra Guru Mantra Necklace Gold Plated, Large 17.6g", $ 328.77 ,"24,000"
N007C-YGP,"Vajra Guru Mantra New, Small, Yellow Gold Plated, CZ Diamonds", $ 246.58 ,"18,000"
N008-YGP,"Dzambhala mantra Necklace, Gold Plated, CZ Diamonds, Large", $ 328.77 ,"24,000"
N009B-YGP,"Mani Mantra Necklace Gold Plated small, CZ Diamonds 9.84g", $ 246.58 ,"18,000"
N009B-S,"Mani Mantra Necklace Small, Silver Tashi Mannox Design", $ 164.38 ,"12,000"
N010-S,"Endless Knot Hanging Necklace silver, CZ Diamonds", $ 239.73 ,"17,500"
N010-YG14,"Hanging Endless Knot Necklace, 14K Yellow Gold 6.48g, Diamonds, .653cts"," $ 1,643.84 ","120,000"
N014-YGP,"Double Vajra, Endless Knot and Malaya Logo chain layered necklace", $ 547.95 ,"40,000"
N013-S,"Malaya Logo chain with CZ diamonds, Silver, Rhodium", $ 219.18 ,"16,000"
N013-YGP,"Malaya Logo chain with CZ diamonds, Yellow Gold Plated", $ 232.88 ,"17,000"
N020-YG18-TQ,"Necklace, Turquoise with Diamonds .212cts, Yellow 18k gold, 10.52g"," $ 2,438.36 ","178,000"
N022-YG18-COR,"Life Force Coral Gold Necklace with Diamonds, 0.77 CTS. YG18: 20.24g, Total: 22.42g"," $ 4,589.04 ","335,000"
N024-S,"Om Ah Hung sacred syllables Necklace, Silver, 48cm", $ 102.74 ,"7,500"
N025-YG14-TQ-DIA,"Oval Turquoise Necklace, Yellow 14k Gold, Turquoise: 6.01cts, Diamonds: .15cts 5.62g"," $ 1,246.58 ","91,000"
C004-S,"Vajra and Bell Mala Counters, Silver, Silver, Rhodium", $ 164.38 ,"12,000"
C003-S,"Vajra and Bell Mala Counters, Large, Silver, Rhodium", $ 219.18 ,"16,000"
C004-YG14,"Vajra and Bell Mala Counters, Yellow 14k Gold, 8.87g"," $ 1,712.33 ","125,000"
C004-RGP,"Vajra and Bell Mala counters, Rose/Yellow Gold Plated", $ 232.88 ,"17,000"
C005-S,"Phurba mala counter Silver, Rhodium, 3.81g", $ 82.19 ,"6,000"
C005-YG14,"Mala Counter - Phurba, 14k Yellow Gold, 4.78g", $ 821.92 ,"60,000"
C005-RGP,"Phurba mala counter Rose Gold Plated, 3.81g", $ 109.59 ,"8,000"
C007-S,"Phurba mala counter, Large Silver, Rhodium, 3.81g", $ 109.59 ,"8,000"
C007-YGP,"Mala Counter - Phurba, Large. Yellow Gold Plated 8.48g, (Vermeil Gold)", $ 150.68 ,"11,000"
C006-S,"Drigug mala tally counter Silver, Rhodium, 3.82g", $ 82.19 ,"6,000"
C008-S,"Drigug mala tally counter, Large Silver, Rhodium, 8.44g", $ 109.59 ,"8,000"
C006-RGP,"Drigug mala tally counter Rose Gold Plated, 3.82g", $ 109.59 ,"8,000"
C006-YG14,"Mala Counter - Drigug, Yellow 14k Gold, 4.73g", $ 821.92 ,"60,000"
C008-YGP,"Mala Counter - Drigug, Large. Yellow Gold Plated 8.47g, (Vermeil Gold)", $ 150.68 ,"11,000"
BR001-YGP,"Eight Auspicious Symbols Brooch, Round, Silver Gold Plated 21.3g", $ 273.97 ,"20,000"
BR002-YGP,"Eight Auspicious Symbols Brooch, Elongated, Silver Gold Plated 17.7g", $ 301.37 ,"22,000"
BR003-S,"Tam Syllable Brooch, Larger, Silver, 46mm 5.6g", $ 109.59 ,"8,000"
BR003-YGP,"Tam Syllable Brooch, Larger, Yellow Gold Plated, 46mm 5.5g", $ 123.29 ,"9,000"
BR003B-S,"Tam Syllable Brooch, Smaller, Silver, 37mm 2.7g", $ 68.49 ,5000
BR003B-YGP,"Tam Syllable Brooch, Smaller, Gold Plated, 37mm 2.7g", $ 82.19 ,"6,000"
BR004-S,"Hung Syllable Brooch, Larger, 53mm, Silver 7.6g", $ 123.29 ,"9,000"
BR004-YGP,"Hung Syllable Brooch, 53mm, Larger, Yellow Gold Plated, 7.6g", $ 136.99 ,"10,000"
BR004B-S,"Hung Syllable Brooch, Smaller, Silver , 37mm 3.8g", $ 89.04 ,"6,500"
BR005,"Dhi Syllable Brooch, Silver, Larger, 55mm 10.2g", $ 136.99 ,"10,000"
BR005-YGP,"Dhi Syllable Brooch, Gold Plated, Larger, 55mm 10.37g", $ 150.68 ,"11,000"
BR005B-S,"Dhi Syllable Brooch, Silver Smaller, 35mm", $ 89.04 ,"6,500"
BR005B-YGP,"Dhi Syllable Brooch, Gold Plated, Smaller, 35mm", $ 102.74 ,"7,500"
BR006-S,"Hri Syllable Brooch Larger, Silver, 43mm", $ 123.29 ,"9,000"
BR006-YGP,"Hri Syllable Brooch Larger Gold Plated, 43mm, 9.21g", $ 136.99 ,"10,000"
BR006-RGP,"Hri Syllable Brooch Larger Rose Gold Plated, 43mm 9.19g", $ 136.99 ,"10,000"
BR006B-S,"Hri Syllable Brooch Silver, Smaller, 36mm 3.9g", $ 75.34 ,"5,500"
BR006B-YGP,"Hri Syllable Brooch, Gold Plated, Smaller, 36mm 3.9g", $ 95.89 ,"7,000"
BR007-S,"Bam Syllable Brooch, Silver, 28mm 3g", $ 61.64 ,"4,500"
BR007-YGP,"Bam Syllable Brooch, Yellow Gold Plated 28mm, 3g", $ 68.49 ,"5,000"
BR007-RGP,"Bam Syllable Brooch, Rose Gold Plated 28mm, 3g", $ 68.49 ,"5,000"
BR008-S,"Ah Syllable Brooch, Silver 4g", $ 68.49 ,"5,000"
BR008-YGP,"Ah Syllable Brooch, Gold Plated 4g", $ 82.19 ,"6,000"
BR009,"Om Syllable Brooch, Silver, 26mm 2.8g", $ 68.49 ,"5,000"
BR009-YGP,"Om Syllable Brooch, Yellow Gold Plated, 26mm 2.8g", $ 82.19 ,"6,000"
BR010-S,"Dzam Syllable Brooch, Silver 3.38g", $ 68.49 ,"5,000"
BR010-YGP,"Dzam Syllable Brooch, Gold Plated 3.39g", $ 82.19 ,"6,000"
BR011-S,"Double Vajra Brooch, Silver, CZ, 5.25g", $ 116.44 ,"8,500"
BR011-YGP,"Double Vajra Brooch, YGP, CZ, 5.15g", $ 136.99 ,"10,000"
BR012-S,Blue Poppy Silver Enamel Brooch National Flower, $ 424.66 ,"31,000"
CL002-S,"Double Vajra Full Diamond Cufflinks Silver, CZ 14g", $ 219.18 ,"16,000"
CL002-YGP,"Double Vajra Full Diamond Cufflinks Gold Plated, CZ 14.46g", $ 232.88 ,"17,000"
CL003-YGP,"Malaya Emblem Cufflinks, Yellow Gold Plated, CZ Diamonds", $ 232.88 ,"17,000"
CL004-S,Sun and Moon Tashi Mannox Cufflinks Silver 13.64g, $ 260.27 ,"19,000"
CL004-YGP,Sun and Moon Tashi Mannox Cufflinks Gold Plated 13.8g, $ 287.67 ,"21,000"
CL005-S,"Double Dorje Cufflink, Silver 10.45g", $ 178.08 ,"13,000"
CL005-YGP,"Double Dorje Cufflink, Yellow Gold Plated 10.51g", $ 191.78 ,"14,000"
CL006-S,"Double Dorje Cufflink, Enamel, Silver 10.67g", $ 198.63 ,"14,500"
CL006-YGP,"Double Dorje Cufflink, Enamel, Yellow Gold Plated 10.36g", $ 212.33 ,"15,500"
CL005-S-CZ,"Double Dorje Cufflink, Silver, CZ Diamonds 10.76g", $ 184.93 ,"13,500"
CL005-YGP-CZ,"Double Dorje Cufflink, YGP, CZ 10.49g", $ 198.63 ,"14,500"
CL006-S-CZ,"Double Dorje Cufflink, Enamel, Silver, CZ 10.69g", $ 205.48 ,"15,000"
CL006-YGP-CZ,"Double Dorje Cufflink, Enamel, YGP, CZ 10.59g", $ 219.18 ,"16,000"
CC3100,"Silver Chain CC3100, 45cm, 1.47g", $ 34.25 ,"2,500"
CH060-S,"Silver Chain, 45cm CH060, 7.31g", $ 47.95 ,"3,500"
CH040-YGP,Chain CH040 Silver Yellow Gold Plated, $ 54.79 ,"4,000"
CC028-YG14,"Gold 14k Chain CC028, 38-42-45cm, 1.64g", $ 246.58 ,"18,000"
CA040-YG14,"CA040 Yellow 14k Gold chain, 2.66g", $ 397.26 ,"29,000"
EXT 15cm-YG14,"Chain Extension 15cm, adjustable to 10cm and 5cm, Yellow Gold 14k, 0.92g:", $ 102.74 ,"7,500"
EXT 15cm-YG18,"Chain Extension 15cm, Yellow Gold 18k, 1.15g:", $ 150.68 ,"11,000"
CC028-RG14-45,"Chain 14k Rose gold, 45cm, spring-lock", $ 219.18 ,"16,000"